URL,Traite
https://www.linkedin.com/sales/company/105193308,Oui
https://www.linkedin.com/sales/company/70933969,Oui
https://www.linkedin.com/sales/company/103493939,Oui
https://www.linkedin.com/sales/company/19033494,Oui
https://www.linkedin.com/sales/company/74153902,Oui
https://www.linkedin.com/sales/company/10835220,Oui
https://www.linkedin.com/sales/company/18404858,Oui
https://www.linkedin.com/sales/company/94246481,Oui
https://www.linkedin.com/sales/company/10656885,Oui
https://www.linkedin.com/sales/company/19074243,Oui
https://www.linkedin.com/sales/company/72426451,Oui
https://www.linkedin.com/sales/company/5322426,Oui
https://www.linkedin.com/sales/company/100149043,Oui
https://www.linkedin.com/sales/company/42306499,Oui
https://www.linkedin.com/sales/company/76914161,Oui
https://www.linkedin.com/sales/company/1960795,Oui
https://www.linkedin.com/sales/company/44427407,Oui
https://www.linkedin.com/sales/company/10978471,Oui
https://www.linkedin.com/sales/company/69246403,Oui
https://www.linkedin.com/sales/company/13055143,Oui
https://www.linkedin.com/sales/company/18507207,Oui
https://www.linkedin.com/sales/company/72381715,Oui
https://www.linkedin.com/sales/company/18813697,Oui
https://www.linkedin.com/sales/company/107737674,Oui
https://www.linkedin.com/sales/company/36126414,Oui
https://www.linkedin.com/sales/company/25279905,Oui
https://www.linkedin.com/sales/company/25503146,Oui
https://www.linkedin.com/sales/company/42459312,Oui
https://www.linkedin.com/sales/company/70126640,Oui
https://www.linkedin.com/sales/company/25251967,Oui
https://www.linkedin.com/sales/company/2750133,Oui
https://www.linkedin.com/sales/company/105113122,Oui
https://www.linkedin.com/sales/company/49127438,Oui
https://www.linkedin.com/sales/company/25301922,Oui
https://www.linkedin.com/sales/company/80010161,Oui
https://www.linkedin.com/sales/company/14023205,Oui
https://www.linkedin.com/sales/company/25258397,Oui
https://www.linkedin.com/sales/company/51491830,Oui
https://www.linkedin.com/sales/company/10202783,Oui
https://www.linkedin.com/sales/company/26345278,Oui
https://www.linkedin.com/sales/company/25788706,Oui
https://www.linkedin.com/sales/company/92943193,Oui
https://www.linkedin.com/sales/company/26745915,Oui
https://www.linkedin.com/sales/company/75172487,Oui
https://www.linkedin.com/sales/company/83567129,Oui
https://www.linkedin.com/sales/company/100964576,Oui
https://www.linkedin.com/sales/company/98184310,Oui
https://www.linkedin.com/sales/company/26837521,Oui
https://www.linkedin.com/sales/company/11418893,Oui
https://www.linkedin.com/sales/company/78696666,Oui
https://www.linkedin.com/sales/company/98154783,Oui
https://www.linkedin.com/sales/company/25358654,Oui
https://www.linkedin.com/sales/company/102693826,Oui
https://www.linkedin.com/sales/company/37065259,Oui
https://www.linkedin.com/sales/company/88915518,Oui
https://www.linkedin.com/sales/company/78460931,Oui
https://www.linkedin.com/sales/company/86335161,Oui
https://www.linkedin.com/sales/company/93091399,Oui
https://www.linkedin.com/sales/company/27110766,Oui
https://www.linkedin.com/sales/company/99535687,Oui
https://www.linkedin.com/sales/company/66970835,Oui
https://www.linkedin.com/sales/company/72708009,Oui
https://www.linkedin.com/sales/company/106555476,Oui
https://www.linkedin.com/sales/company/98223431,Oui
https://www.linkedin.com/sales/company/14817991,Oui
https://www.linkedin.com/sales/company/53078070,Oui
https://www.linkedin.com/sales/company/82875062,Oui
https://www.linkedin.com/sales/company/102281081,Oui
https://www.linkedin.com/sales/company/18829811,Oui
https://www.linkedin.com/sales/company/104186031,Oui
https://www.linkedin.com/sales/company/30656833,Oui
https://www.linkedin.com/sales/company/107149200,Oui
https://www.linkedin.com/sales/company/42114202,Oui
https://www.linkedin.com/sales/company/14602089,Oui
https://www.linkedin.com/sales/company/69209519,Oui
https://www.linkedin.com/sales/company/107658533,Oui
https://www.linkedin.com/sales/company/86364914,Oui
https://www.linkedin.com/sales/company/103727634,Oui
https://www.linkedin.com/sales/company/105247729,Oui
https://www.linkedin.com/sales/company/42394315,Oui
https://www.linkedin.com/sales/company/105261562,Oui
https://www.linkedin.com/sales/company/85921867,Oui
https://www.linkedin.com/sales/company/25269935,Oui
https://www.linkedin.com/sales/company/107389835,Oui
https://www.linkedin.com/sales/company/69227195,Oui
https://www.linkedin.com/sales/company/78433371,Oui
https://www.linkedin.com/sales/company/76123151,Oui
https://www.linkedin.com/sales/company/79445908,Oui
https://www.linkedin.com/sales/company/83173351,Oui
https://www.linkedin.com/sales/company/51475849,Oui
https://www.linkedin.com/sales/company/11860987,
https://www.linkedin.com/sales/company/13031790,
https://www.linkedin.com/sales/company/71513002,
https://www.linkedin.com/sales/company/68525246,
https://www.linkedin.com/sales/company/18985701,
https://www.linkedin.com/sales/company/98311818,
https://www.linkedin.com/sales/company/98424560,
https://www.linkedin.com/sales/company/102117760,
https://www.linkedin.com/sales/company/12624569,
https://www.linkedin.com/sales/company/18334467,
https://www.linkedin.com/sales/company/67930737,
https://www.linkedin.com/sales/company/66196254,
https://www.linkedin.com/sales/company/29040570,
https://www.linkedin.com/sales/company/86674594,
https://www.linkedin.com/sales/company/5336525,
https://www.linkedin.com/sales/company/92466877,
https://www.linkedin.com/sales/company/74067155,
https://www.linkedin.com/sales/company/98745788,
https://www.linkedin.com/sales/company/109740243,
https://www.linkedin.com/sales/company/103513517,
https://www.linkedin.com/sales/company/69224627,
https://www.linkedin.com/sales/company/100285230,
https://www.linkedin.com/sales/company/37864142,
https://www.linkedin.com/sales/company/94256033,
https://www.linkedin.com/sales/company/18574487,
https://www.linkedin.com/sales/company/106527065,
https://www.linkedin.com/sales/company/11163218,
https://www.linkedin.com/sales/company/76326303,
https://www.linkedin.com/sales/company/93078138,
https://www.linkedin.com/sales/company/81544130,
https://www.linkedin.com/sales/company/11827938,
https://www.linkedin.com/sales/company/13984923,
https://www.linkedin.com/sales/company/10524250,
https://www.linkedin.com/sales/company/91606870,
https://www.linkedin.com/sales/company/11020057,
https://www.linkedin.com/sales/company/111320074,
https://www.linkedin.com/sales/company/106307669,
https://www.linkedin.com/sales/company/96216538,
https://www.linkedin.com/sales/company/26452445,
https://www.linkedin.com/sales/company/82969302,
https://www.linkedin.com/sales/company/112635995,
https://www.linkedin.com/sales/company/17922671,
https://www.linkedin.com/sales/company/110329238,
https://www.linkedin.com/sales/company/106025376,
https://www.linkedin.com/sales/company/128774089,
https://www.linkedin.com/sales/company/80270895,
https://www.linkedin.com/sales/company/86280884,
https://www.linkedin.com/sales/company/108560247,
https://www.linkedin.com/sales/company/82878819,
https://www.linkedin.com/sales/company/107198410,
https://www.linkedin.com/sales/company/106810844,
https://www.linkedin.com/sales/company/18242807,
https://www.linkedin.com/sales/company/98132503,
https://www.linkedin.com/sales/company/103984280,
https://www.linkedin.com/sales/company/75250522,
https://www.linkedin.com/sales/company/109239126,
https://www.linkedin.com/sales/company/81425598,
https://www.linkedin.com/sales/company/90788631,
https://www.linkedin.com/sales/company/84457210,
https://www.linkedin.com/sales/company/49139506,
https://www.linkedin.com/sales/company/105101347,
https://www.linkedin.com/sales/company/11070690,
https://www.linkedin.com/sales/company/31412184,
https://www.linkedin.com/sales/company/2242009,
https://www.linkedin.com/sales/company/91063919,
https://www.linkedin.com/sales/company/76513357,
https://www.linkedin.com/sales/company/86318241,
https://www.linkedin.com/sales/company/106594104,
https://www.linkedin.com/sales/company/569102,
https://www.linkedin.com/sales/company/76216527,
https://www.linkedin.com/sales/company/105789158,
https://www.linkedin.com/sales/company/25814499,
https://www.linkedin.com/sales/company/26819337,
https://www.linkedin.com/sales/company/88062447,
https://www.linkedin.com/sales/company/106056411,
https://www.linkedin.com/sales/company/11346090,
https://www.linkedin.com/sales/company/86152903,
https://www.linkedin.com/sales/company/80436687,
https://www.linkedin.com/sales/company/106087491,
https://www.linkedin.com/sales/company/91490305,
https://www.linkedin.com/sales/company/26470123,
https://www.linkedin.com/sales/company/100268461,
https://www.linkedin.com/sales/company/96020073,
https://www.linkedin.com/sales/company/64829667,
https://www.linkedin.com/sales/company/42327838,
https://www.linkedin.com/sales/company/2114194,
https://www.linkedin.com/sales/company/26856877,
https://www.linkedin.com/sales/company/89317858,
https://www.linkedin.com/sales/company/91568406,
https://www.linkedin.com/sales/company/118864330,
https://www.linkedin.com/sales/company/29332585,
https://www.linkedin.com/sales/company/71980139,
https://www.linkedin.com/sales/company/38118902,
https://www.linkedin.com/sales/company/75280270,
https://www.linkedin.com/sales/company/94231912,
https://www.linkedin.com/sales/company/93105368,
https://www.linkedin.com/sales/company/103895258,
https://www.linkedin.com/sales/company/18601302,
https://www.linkedin.com/sales/company/18497233,
https://www.linkedin.com/sales/company/42164753,
https://www.linkedin.com/sales/company/42090314,
https://www.linkedin.com/sales/company/25213921,
https://www.linkedin.com/sales/company/130584199,
https://www.linkedin.com/sales/company/53086539,
https://www.linkedin.com/sales/company/111558933,
https://www.linkedin.com/sales/company/104947592,
https://www.linkedin.com/sales/company/35507718,
https://www.linkedin.com/sales/company/77222545,
https://www.linkedin.com/sales/company/102128997,
https://www.linkedin.com/sales/company/103502892,
https://www.linkedin.com/sales/company/18807766,
https://www.linkedin.com/sales/company/26979299,
https://www.linkedin.com/sales/company/108792186,
https://www.linkedin.com/sales/company/112344815,
https://www.linkedin.com/sales/company/108145079,
https://www.linkedin.com/sales/company/76552071,
https://www.linkedin.com/sales/company/84438504,
https://www.linkedin.com/sales/company/101450856,
https://www.linkedin.com/sales/company/26806474,
https://www.linkedin.com/sales/company/10273262,
https://www.linkedin.com/sales/company/26959393,
https://www.linkedin.com/sales/company/88463411,
https://www.linkedin.com/sales/company/105193749,
https://www.linkedin.com/sales/company/11108469,
https://www.linkedin.com/sales/company/113165404,
https://www.linkedin.com/sales/company/25656825,
https://www.linkedin.com/sales/company/90641036,
https://www.linkedin.com/sales/company/71515697,
https://www.linkedin.com/sales/company/72446830,
https://www.linkedin.com/sales/company/36083213,
https://www.linkedin.com/sales/company/18717893,
https://www.linkedin.com/sales/company/76100203,
https://www.linkedin.com/sales/company/26806015,
https://www.linkedin.com/sales/company/25681558,
https://www.linkedin.com/sales/company/10603525,
https://www.linkedin.com/sales/company/111574995,
https://www.linkedin.com/sales/company/110353211,
https://www.linkedin.com/sales/company/105475956,
https://www.linkedin.com/sales/company/92678909,
https://www.linkedin.com/sales/company/101325508,
https://www.linkedin.com/sales/company/88652103,
https://www.linkedin.com/sales/company/72471290,
https://www.linkedin.com/sales/company/78655494,
https://www.linkedin.com/sales/company/109196247,
https://www.linkedin.com/sales/company/102133910,
https://www.linkedin.com/sales/company/83844293,
https://www.linkedin.com/sales/company/109825718,
https://www.linkedin.com/sales/company/105696958,
https://www.linkedin.com/sales/company/77578922,
https://www.linkedin.com/sales/company/13015513,
https://www.linkedin.com/sales/company/26433115,
https://www.linkedin.com/sales/company/25537899,
https://www.linkedin.com/sales/company/25778537,
https://www.linkedin.com/sales/company/25222989,
https://www.linkedin.com/sales/company/49854186,
https://www.linkedin.com/sales/company/25801419,
https://www.linkedin.com/sales/company/68248771,
https://www.linkedin.com/sales/company/72278919,
https://www.linkedin.com/sales/company/50312143,
https://www.linkedin.com/sales/company/9390886,
https://www.linkedin.com/sales/company/10567730,
https://www.linkedin.com/sales/company/106216632,
https://www.linkedin.com/sales/company/105187183,
https://www.linkedin.com/sales/company/5001853,
https://www.linkedin.com/sales/company/83852273,
https://www.linkedin.com/sales/company/13186127,
https://www.linkedin.com/sales/company/101783357,
https://www.linkedin.com/sales/company/71686214,
https://www.linkedin.com/sales/company/30702595,
https://www.linkedin.com/sales/company/19153291,
https://www.linkedin.com/sales/company/3020529,
https://www.linkedin.com/sales/company/108529235,
https://www.linkedin.com/sales/company/76561623,
https://www.linkedin.com/sales/company/11144013,
https://www.linkedin.com/sales/company/11145385,
https://www.linkedin.com/sales/company/14054965,
https://www.linkedin.com/sales/company/1767291,
https://www.linkedin.com/sales/company/26443105,
https://www.linkedin.com/sales/company/3793020,
https://www.linkedin.com/sales/company/103132729,
https://www.linkedin.com/sales/company/77038870,
https://www.linkedin.com/sales/company/23730147,
https://www.linkedin.com/sales/company/79493765,
https://www.linkedin.com/sales/company/19261268,
https://www.linkedin.com/sales/company/501197,
https://www.linkedin.com/sales/company/11371085,
https://www.linkedin.com/sales/company/5183921,
https://www.linkedin.com/sales/company/11747922,
https://www.linkedin.com/sales/company/73932345,
https://www.linkedin.com/sales/company/112346191,
https://www.linkedin.com/sales/company/68788845,
https://www.linkedin.com/sales/company/102164349,
https://www.linkedin.com/sales/company/91189619,
https://www.linkedin.com/sales/company/79984770,
https://www.linkedin.com/sales/company/29037994,
https://www.linkedin.com/sales/company/73411184,
https://www.linkedin.com/sales/company/76469303,
https://www.linkedin.com/sales/company/14864679,
https://www.linkedin.com/sales/company/104234961,
https://www.linkedin.com/sales/company/76320218,
https://www.linkedin.com/sales/company/79706734,
https://www.linkedin.com/sales/company/79304795,
https://www.linkedin.com/sales/company/26043257,
https://www.linkedin.com/sales/company/118864062,
https://www.linkedin.com/sales/company/68544955,
https://www.linkedin.com/sales/company/72028809,
https://www.linkedin.com/sales/company/10528789,
https://www.linkedin.com/sales/company/11493290,
https://www.linkedin.com/sales/company/11247650,
https://www.linkedin.com/sales/company/10938104,
https://www.linkedin.com/sales/company/14005575,
https://www.linkedin.com/sales/company/68524519,
https://www.linkedin.com/sales/company/85934841,
https://www.linkedin.com/sales/company/11005345,
https://www.linkedin.com/sales/company/38076660,
https://www.linkedin.com/sales/company/10071270,
https://www.linkedin.com/sales/company/72353805,
https://www.linkedin.com/sales/company/13025727,
https://www.linkedin.com/sales/company/10977123,
https://www.linkedin.com/sales/company/66608559,
https://www.linkedin.com/sales/company/10280186,
https://www.linkedin.com/sales/company/2494150,
https://www.linkedin.com/sales/company/17920726,
https://www.linkedin.com/sales/company/26749634,
https://www.linkedin.com/sales/company/42882942,
https://www.linkedin.com/sales/company/12975349,
https://www.linkedin.com/sales/company/73404403,
https://www.linkedin.com/sales/company/7137345,
https://www.linkedin.com/sales/company/2880847,
https://www.linkedin.com/sales/company/93106723,
https://www.linkedin.com/sales/company/76994362,
https://www.linkedin.com/sales/company/18381612,
https://www.linkedin.com/sales/company/5391749,
https://www.linkedin.com/sales/company/4286449,
https://www.linkedin.com/sales/company/26395875,
https://www.linkedin.com/sales/company/10994445,
https://www.linkedin.com/sales/company/82414655,
https://www.linkedin.com/sales/company/86359837,
https://www.linkedin.com/sales/company/3222594,
https://www.linkedin.com/sales/company/25357861,
https://www.linkedin.com/sales/company/3089226,
https://www.linkedin.com/sales/company/76136792,
https://www.linkedin.com/sales/company/18433353,
https://www.linkedin.com/sales/company/11192719,
https://www.linkedin.com/sales/company/15177870,
https://www.linkedin.com/sales/company/2658171,
https://www.linkedin.com/sales/company/116016759,
https://www.linkedin.com/sales/company/69643389,
https://www.linkedin.com/sales/company/106571149,
https://www.linkedin.com/sales/company/72470367,
https://www.linkedin.com/sales/company/49705922,
https://www.linkedin.com/sales/company/44589418,
https://www.linkedin.com/sales/company/11022877,
https://www.linkedin.com/sales/company/71620535,
https://www.linkedin.com/sales/company/34947486,
https://www.linkedin.com/sales/company/704490,
https://www.linkedin.com/sales/company/5258941,
https://www.linkedin.com/sales/company/82287273,
https://www.linkedin.com/sales/company/93340760,
https://www.linkedin.com/sales/company/10795641,
https://www.linkedin.com/sales/company/68578534,
https://www.linkedin.com/sales/company/26779682,
https://www.linkedin.com/sales/company/45985384,
https://www.linkedin.com/sales/company/85132766,
https://www.linkedin.com/sales/company/11094135,
https://www.linkedin.com/sales/company/76102823,
https://www.linkedin.com/sales/company/79662497,
https://www.linkedin.com/sales/company/46665883,
https://www.linkedin.com/sales/company/947278,
https://www.linkedin.com/sales/company/72050041,
https://www.linkedin.com/sales/company/67917165,
https://www.linkedin.com/sales/company/37477635,
https://www.linkedin.com/sales/company/71764845,
https://www.linkedin.com/sales/company/20157722,
https://www.linkedin.com/sales/company/78649170,
https://www.linkedin.com/sales/company/44849971,
https://www.linkedin.com/sales/company/25208797,
https://www.linkedin.com/sales/company/26069415,
https://www.linkedin.com/sales/company/44513815,
https://www.linkedin.com/sales/company/48711011,
https://www.linkedin.com/sales/company/1421469,
https://www.linkedin.com/sales/company/450830,
https://www.linkedin.com/sales/company/10459761,
https://www.linkedin.com/sales/company/80854799,
https://www.linkedin.com/sales/company/27228379,
https://www.linkedin.com/sales/company/1301746,
https://www.linkedin.com/sales/company/18123903,
https://www.linkedin.com/sales/company/98453799,
https://www.linkedin.com/sales/company/86114046,
https://www.linkedin.com/sales/company/104051905,
https://www.linkedin.com/sales/company/77047447,
https://www.linkedin.com/sales/company/89216961,
https://www.linkedin.com/sales/company/20370034,
https://www.linkedin.com/sales/company/38110331,
https://www.linkedin.com/sales/company/109823806,
https://www.linkedin.com/sales/company/83790821,
https://www.linkedin.com/sales/company/74520541,
https://www.linkedin.com/sales/company/74994366,
https://www.linkedin.com/sales/company/97034483,
https://www.linkedin.com/sales/company/76122518,
https://www.linkedin.com/sales/company/113185147,
https://www.linkedin.com/sales/company/99323069,
https://www.linkedin.com/sales/company/89186488,
https://www.linkedin.com/sales/company/87235767,
https://www.linkedin.com/sales/company/105548069,
https://www.linkedin.com/sales/company/27063049,
https://www.linkedin.com/sales/company/69180495,
https://www.linkedin.com/sales/company/77374118,
https://www.linkedin.com/sales/company/86680246,
https://www.linkedin.com/sales/company/25259102,
https://www.linkedin.com/sales/company/14832923,
https://www.linkedin.com/sales/company/28595771,
https://www.linkedin.com/sales/company/94218074,
https://www.linkedin.com/sales/company/7972949,
https://www.linkedin.com/sales/company/111056129,
https://www.linkedin.com/sales/company/36987999,
https://www.linkedin.com/sales/company/87244898,
https://www.linkedin.com/sales/company/72392531,
https://www.linkedin.com/sales/company/107254873,
https://www.linkedin.com/sales/company/47957526,
https://www.linkedin.com/sales/company/93309517,
https://www.linkedin.com/sales/company/67950450,
https://www.linkedin.com/sales/company/146237103,
https://www.linkedin.com/sales/company/146226338,
https://www.linkedin.com/sales/company/14797041,
https://www.linkedin.com/sales/company/98373436,
https://www.linkedin.com/sales/company/105703258,
https://www.linkedin.com/sales/company/77138009,
https://www.linkedin.com/sales/company/111985919,
https://www.linkedin.com/sales/company/26954059,
https://www.linkedin.com/sales/company/68141629,
https://www.linkedin.com/sales/company/77074079,
https://www.linkedin.com/sales/company/98020169,
https://www.linkedin.com/sales/company/93645581,
https://www.linkedin.com/sales/company/5241427,
https://www.linkedin.com/sales/company/10689463,
https://www.linkedin.com/sales/company/102983551,
https://www.linkedin.com/sales/company/102646188,
https://www.linkedin.com/sales/company/2752371,
https://www.linkedin.com/sales/company/47006479,
https://www.linkedin.com/sales/company/25513605,
https://www.linkedin.com/sales/company/12639559,
https://www.linkedin.com/sales/company/18796645,
https://www.linkedin.com/sales/company/28817145,
https://www.linkedin.com/sales/company/69502794,
https://www.linkedin.com/sales/company/64970049,
https://www.linkedin.com/sales/company/79048928,
https://www.linkedin.com/sales/company/103374063,
https://www.linkedin.com/sales/company/6471762,
https://www.linkedin.com/sales/company/42089987,
https://www.linkedin.com/sales/company/26418033,
https://www.linkedin.com/sales/company/25843330,
https://www.linkedin.com/sales/company/25533585,
https://www.linkedin.com/sales/company/80023982,
https://www.linkedin.com/sales/company/25619863,
https://www.linkedin.com/sales/company/75350703,
https://www.linkedin.com/sales/company/76156407,
https://www.linkedin.com/sales/company/109540970,
https://www.linkedin.com/sales/company/18432506,
https://www.linkedin.com/sales/company/93379551,
https://www.linkedin.com/sales/company/11020023,
https://www.linkedin.com/sales/company/11761553,
https://www.linkedin.com/sales/company/81310245,
https://www.linkedin.com/sales/company/14039417,
https://www.linkedin.com/sales/company/73818631,
https://www.linkedin.com/sales/company/42466163,
https://www.linkedin.com/sales/company/11410895,
https://www.linkedin.com/sales/company/69674431,
https://www.linkedin.com/sales/company/64256975,
https://www.linkedin.com/sales/company/98056958,
https://www.linkedin.com/sales/company/9208197,
https://www.linkedin.com/sales/company/106313355,
https://www.linkedin.com/sales/company/86637645,
https://www.linkedin.com/sales/company/86850495,
https://www.linkedin.com/sales/company/11872025,
https://www.linkedin.com/sales/company/76511625,
https://www.linkedin.com/sales/company/102121883,
https://www.linkedin.com/sales/company/25622185,
https://www.linkedin.com/sales/company/80089275,
https://www.linkedin.com/sales/company/100148185,
https://www.linkedin.com/sales/company/26821441,
https://www.linkedin.com/sales/company/105185957,
https://www.linkedin.com/sales/company/13985938,
https://www.linkedin.com/sales/company/106181465,
https://www.linkedin.com/sales/company/73208611,
https://www.linkedin.com/sales/company/42137235,
https://www.linkedin.com/sales/company/84131190,
https://www.linkedin.com/sales/company/100442816,
https://www.linkedin.com/sales/company/90659873,
https://www.linkedin.com/sales/company/25962966,
https://www.linkedin.com/sales/company/75853766,
https://www.linkedin.com/sales/company/86657049,
https://www.linkedin.com/sales/company/76609569,
https://www.linkedin.com/sales/company/111341793,
https://www.linkedin.com/sales/company/26939538,
https://www.linkedin.com/sales/company/107603451,
https://www.linkedin.com/sales/company/105212958,
https://www.linkedin.com/sales/company/88647037,
https://www.linkedin.com/sales/company/72127457,
https://www.linkedin.com/sales/company/108956969,
https://www.linkedin.com/sales/company/101543999,
https://www.linkedin.com/sales/company/110123594,
https://www.linkedin.com/sales/company/103884541,
https://www.linkedin.com/sales/company/86472679,
https://www.linkedin.com/sales/company/105249379,
https://www.linkedin.com/sales/company/97209037,
https://www.linkedin.com/sales/company/80020325,
https://www.linkedin.com/sales/company/86123305,
https://www.linkedin.com/sales/company/86336737,
https://www.linkedin.com/sales/company/11051684,
https://www.linkedin.com/sales/company/110057221,
https://www.linkedin.com/sales/company/18345098,
https://www.linkedin.com/sales/company/1114565,
https://www.linkedin.com/sales/company/25710122,
https://www.linkedin.com/sales/company/84461254,
https://www.linkedin.com/sales/company/25371851,
https://www.linkedin.com/sales/company/93821457,
https://www.linkedin.com/sales/company/106259708,
https://www.linkedin.com/sales/company/112831139,
https://www.linkedin.com/sales/company/100844501,
https://www.linkedin.com/sales/company/105790411,
https://www.linkedin.com/sales/company/15246951,
https://www.linkedin.com/sales/company/42925806,
https://www.linkedin.com/sales/company/83552918,
https://www.linkedin.com/sales/company/100146341,
https://www.linkedin.com/sales/company/56458895,
https://www.linkedin.com/sales/company/100400057,
https://www.linkedin.com/sales/company/91479498,
https://www.linkedin.com/sales/company/103897101,
https://www.linkedin.com/sales/company/104039938,
https://www.linkedin.com/sales/company/86942533,
https://www.linkedin.com/sales/company/25463057,
https://www.linkedin.com/sales/company/80259159,
https://www.linkedin.com/sales/company/106180681,
https://www.linkedin.com/sales/company/101543179,
https://www.linkedin.com/sales/company/72006818,
https://www.linkedin.com/sales/company/90764559,
https://www.linkedin.com/sales/company/83089709,
https://www.linkedin.com/sales/company/91487205,
https://www.linkedin.com/sales/company/26379783,
https://www.linkedin.com/sales/company/25756427,
https://www.linkedin.com/sales/company/111303932,
https://www.linkedin.com/sales/company/23766031,
https://www.linkedin.com/sales/company/26826323,
https://www.linkedin.com/sales/company/98436193,
https://www.linkedin.com/sales/company/18823582,
https://www.linkedin.com/sales/company/88910030,
https://www.linkedin.com/sales/company/105850545,
https://www.linkedin.com/sales/company/75198978,
https://www.linkedin.com/sales/company/102451844,
https://www.linkedin.com/sales/company/28549183,
https://www.linkedin.com/sales/company/105241748,
https://www.linkedin.com/sales/company/109571260,
https://www.linkedin.com/sales/company/26398433,
https://www.linkedin.com/sales/company/77635319,
https://www.linkedin.com/sales/company/107509030,
https://www.linkedin.com/sales/company/103464050,
https://www.linkedin.com/sales/company/103119618,
https://www.linkedin.com/sales/company/77059139,
https://www.linkedin.com/sales/company/107605270,
https://www.linkedin.com/sales/company/105705671,
https://www.linkedin.com/sales/company/18612175,
https://www.linkedin.com/sales/company/11084679,
https://www.linkedin.com/sales/company/118894590,
https://www.linkedin.com/sales/company/80654738,
https://www.linkedin.com/sales/company/107443531,
https://www.linkedin.com/sales/company/100163370,
https://www.linkedin.com/sales/company/92930243,
https://www.linkedin.com/sales/company/18465739,
https://www.linkedin.com/sales/company/31346665,
https://www.linkedin.com/sales/company/112597995,
https://www.linkedin.com/sales/company/11870817,
https://www.linkedin.com/sales/company/44481986,
https://www.linkedin.com/sales/company/85873563,
https://www.linkedin.com/sales/company/2948105,
https://www.linkedin.com/sales/company/12672217,
https://www.linkedin.com/sales/company/18622606,
https://www.linkedin.com/sales/company/65274749,
https://www.linkedin.com/sales/company/28664758,
https://www.linkedin.com/sales/company/11259370,
https://www.linkedin.com/sales/company/10037605,
https://www.linkedin.com/sales/company/103444665,
https://www.linkedin.com/sales/company/69516282,
https://www.linkedin.com/sales/company/11177157,
https://www.linkedin.com/sales/company/96233661,
https://www.linkedin.com/sales/company/12981951,
https://www.linkedin.com/sales/company/218675,
https://www.linkedin.com/sales/company/26369429,
https://www.linkedin.com/sales/company/18818005,
https://www.linkedin.com/sales/company/10935767,
https://www.linkedin.com/sales/company/11058069,
https://www.linkedin.com/sales/company/34577791,
https://www.linkedin.com/sales/company/35464130,
https://www.linkedin.com/sales/company/9431023,
https://www.linkedin.com/sales/company/100375039,
https://www.linkedin.com/sales/company/34695707,
https://www.linkedin.com/sales/company/3503449,
https://www.linkedin.com/sales/company/14836949,
https://www.linkedin.com/sales/company/3109967,
https://www.linkedin.com/sales/company/1647041,
https://www.linkedin.com/sales/company/11464439,
https://www.linkedin.com/sales/company/11260903,
https://www.linkedin.com/sales/company/30607593,
https://www.linkedin.com/sales/company/2466462,
https://www.linkedin.com/sales/company/53087740,
https://www.linkedin.com/sales/company/1528637,
https://www.linkedin.com/sales/company/27054663,
https://www.linkedin.com/sales/company/18699563,
https://www.linkedin.com/sales/company/81909749,
https://www.linkedin.com/sales/company/5636399,
https://www.linkedin.com/sales/company/1460277,
https://www.linkedin.com/sales/company/1733478,
https://www.linkedin.com/sales/company/104951877,
https://www.linkedin.com/sales/company/105789025,
https://www.linkedin.com/sales/company/18670279,
https://www.linkedin.com/sales/company/69496185,
https://www.linkedin.com/sales/company/28668149,
https://www.linkedin.com/sales/company/72596947,
https://www.linkedin.com/sales/company/11492077,
https://www.linkedin.com/sales/company/71677087,
https://www.linkedin.com/sales/company/37511889,
https://www.linkedin.com/sales/company/52115986,
https://www.linkedin.com/sales/company/90765862,
https://www.linkedin.com/sales/company/42760711,
https://www.linkedin.com/sales/company/13047047,
https://www.linkedin.com/sales/company/30168259,
https://www.linkedin.com/sales/company/27024789,
https://www.linkedin.com/sales/company/28941518,
https://www.linkedin.com/sales/company/78555410,
https://www.linkedin.com/sales/company/110766026,
https://www.linkedin.com/sales/company/10972875,
https://www.linkedin.com/sales/company/45394385,
https://www.linkedin.com/sales/company/76828421,
https://www.linkedin.com/sales/company/106538728,
https://www.linkedin.com/sales/company/3527391,
https://www.linkedin.com/sales/company/15183853,
https://www.linkedin.com/sales/company/43303062,
https://www.linkedin.com/sales/company/18878610,
https://www.linkedin.com/sales/company/18791385,
https://www.linkedin.com/sales/company/54111188,
https://www.linkedin.com/sales/company/36134659,
https://www.linkedin.com/sales/company/10797963,
https://www.linkedin.com/sales/company/102083680,
https://www.linkedin.com/sales/company/68541826,
https://www.linkedin.com/sales/company/19096074,
https://www.linkedin.com/sales/company/3681763,
https://www.linkedin.com/sales/company/26018618,
https://www.linkedin.com/sales/company/105843530,
https://www.linkedin.com/sales/company/13990642,
https://www.linkedin.com/sales/company/37045347,
https://www.linkedin.com/sales/company/81436653,
https://www.linkedin.com/sales/company/31428941,
https://www.linkedin.com/sales/company/36117721,
https://www.linkedin.com/sales/company/14014611,
https://www.linkedin.com/sales/company/11324711,
https://www.linkedin.com/sales/company/11372922,
https://www.linkedin.com/sales/company/93115215,
https://www.linkedin.com/sales/company/12657566,
https://www.linkedin.com/sales/company/14003582,
https://www.linkedin.com/sales/company/18967962,
https://www.linkedin.com/sales/company/28910083,
https://www.linkedin.com/sales/company/105558853,
https://www.linkedin.com/sales/company/25696182,
https://www.linkedin.com/sales/company/34704874,
https://www.linkedin.com/sales/company/11000655,
https://www.linkedin.com/sales/company/25584838,
https://www.linkedin.com/sales/company/54148695,
https://www.linkedin.com/sales/company/98636466,
https://www.linkedin.com/sales/company/18612153,
https://www.linkedin.com/sales/company/79778017,
https://www.linkedin.com/sales/company/73976274,
https://www.linkedin.com/sales/company/43304326,
https://www.linkedin.com/sales/company/71559433,
https://www.linkedin.com/sales/company/74087018,
https://www.linkedin.com/sales/company/11482742,
https://www.linkedin.com/sales/company/76165642,
https://www.linkedin.com/sales/company/69124982,
https://www.linkedin.com/sales/company/104753415,
https://www.linkedin.com/sales/company/19152177,
https://www.linkedin.com/sales/company/80178891,
https://www.linkedin.com/sales/company/92890467,
https://www.linkedin.com/sales/company/34651289,
https://www.linkedin.com/sales/company/18954082,
https://www.linkedin.com/sales/company/15206637,
https://www.linkedin.com/sales/company/93584600,
https://www.linkedin.com/sales/company/79384287,
https://www.linkedin.com/sales/company/42342503,
https://www.linkedin.com/sales/company/5367953,
https://www.linkedin.com/sales/company/110739922,
https://www.linkedin.com/sales/company/77759869,
https://www.linkedin.com/sales/company/26442890,
https://www.linkedin.com/sales/company/11748659,
https://www.linkedin.com/sales/company/29016446,
https://www.linkedin.com/sales/company/86885885,
https://www.linkedin.com/sales/company/10508597,
https://www.linkedin.com/sales/company/89197995,
https://www.linkedin.com/sales/company/100070043,
https://www.linkedin.com/sales/company/74972825,
https://www.linkedin.com/sales/company/19145313,
https://www.linkedin.com/sales/company/42958075,
https://www.linkedin.com/sales/company/26765090,
https://www.linkedin.com/sales/company/68792770,
https://www.linkedin.com/sales/company/69257778,
https://www.linkedin.com/sales/company/107215450,
https://www.linkedin.com/sales/company/37868134,
https://www.linkedin.com/sales/company/13066243,
https://www.linkedin.com/sales/company/22349054,
https://www.linkedin.com/sales/company/77013157,
https://www.linkedin.com/sales/company/76107038,
https://www.linkedin.com/sales/company/25870246,
https://www.linkedin.com/sales/company/74053051,
https://www.linkedin.com/sales/company/10448676,
https://www.linkedin.com/sales/company/73914206,
https://www.linkedin.com/sales/company/36993202,
https://www.linkedin.com/sales/company/77071643,
https://www.linkedin.com/sales/company/93658440,
https://www.linkedin.com/sales/company/135675562,
https://www.linkedin.com/sales/company/65884941,
https://www.linkedin.com/sales/company/78385402,
https://www.linkedin.com/sales/company/20504367,
https://www.linkedin.com/sales/company/79514949,
https://www.linkedin.com/sales/company/98581587,
https://www.linkedin.com/sales/company/48022880,
https://www.linkedin.com/sales/company/93635315,
https://www.linkedin.com/sales/company/76570486,
https://www.linkedin.com/sales/company/105837447,
https://www.linkedin.com/sales/company/88004974,
https://www.linkedin.com/sales/company/45617852,
https://www.linkedin.com/sales/company/3872962,
https://www.linkedin.com/sales/company/25794199,
https://www.linkedin.com/sales/company/105259038,
https://www.linkedin.com/sales/company/18721365,
https://www.linkedin.com/sales/company/19052914,
https://www.linkedin.com/sales/company/10295899,
https://www.linkedin.com/sales/company/69520662,
https://www.linkedin.com/sales/company/74045667,
https://www.linkedin.com/sales/company/10204749,
https://www.linkedin.com/sales/company/11084555,
https://www.linkedin.com/sales/company/6637059,
https://www.linkedin.com/sales/company/100642106,
https://www.linkedin.com/sales/company/90785600,
https://www.linkedin.com/sales/company/78834614,
https://www.linkedin.com/sales/company/75046099,
https://www.linkedin.com/sales/company/26305558,
https://www.linkedin.com/sales/company/25987589,
https://www.linkedin.com/sales/company/82679298,
https://www.linkedin.com/sales/company/78642234,
https://www.linkedin.com/sales/company/26468731,
https://www.linkedin.com/sales/company/75279806,
https://www.linkedin.com/sales/company/26746541,
https://www.linkedin.com/sales/company/84416779,
https://www.linkedin.com/sales/company/33220106,
https://www.linkedin.com/sales/company/70928305,
https://www.linkedin.com/sales/company/11496562,
https://www.linkedin.com/sales/company/11766654,
https://www.linkedin.com/sales/company/71234033,
https://www.linkedin.com/sales/company/82225206,
https://www.linkedin.com/sales/company/11713531,
https://www.linkedin.com/sales/company/9283626,
https://www.linkedin.com/sales/company/14840517,
https://www.linkedin.com/sales/company/74718883,
https://www.linkedin.com/sales/company/25079603,
https://www.linkedin.com/sales/company/73886741,
https://www.linkedin.com/sales/company/3101074,
https://www.linkedin.com/sales/company/18726790,
https://www.linkedin.com/sales/company/35645246,
https://www.linkedin.com/sales/company/106762844,
https://www.linkedin.com/sales/company/68215325,
https://www.linkedin.com/sales/company/10967574,
https://www.linkedin.com/sales/company/11019833,
https://www.linkedin.com/sales/company/18891306,
https://www.linkedin.com/sales/company/38097097,
https://www.linkedin.com/sales/company/102807095,
https://www.linkedin.com/sales/company/85884414,
https://www.linkedin.com/sales/company/104961721,
https://www.linkedin.com/sales/company/18335942,
https://www.linkedin.com/sales/company/26685994,
https://www.linkedin.com/sales/company/86657409,
https://www.linkedin.com/sales/company/103198801,
https://www.linkedin.com/sales/company/34752510,
https://www.linkedin.com/sales/company/28768470,
https://www.linkedin.com/sales/company/70070431,
https://www.linkedin.com/sales/company/88884811,
https://www.linkedin.com/sales/company/86950855,
https://www.linkedin.com/sales/company/11036426,
https://www.linkedin.com/sales/company/79469203,
https://www.linkedin.com/sales/company/15237893,
https://www.linkedin.com/sales/company/88659390,
https://www.linkedin.com/sales/company/28630683,
https://www.linkedin.com/sales/company/26805286,
https://www.linkedin.com/sales/company/101513364,
https://www.linkedin.com/sales/company/12649205,
https://www.linkedin.com/sales/company/74725025,
https://www.linkedin.com/sales/company/112584326,
https://www.linkedin.com/sales/company/996407,
https://www.linkedin.com/sales/company/79095029,
https://www.linkedin.com/sales/company/69763305,
https://www.linkedin.com/sales/company/85885843,
https://www.linkedin.com/sales/company/6648969,
https://www.linkedin.com/sales/company/104067924,
https://www.linkedin.com/sales/company/104714193,
https://www.linkedin.com/sales/company/68496213,
https://www.linkedin.com/sales/company/78620594,
https://www.linkedin.com/sales/company/28557456,
https://www.linkedin.com/sales/company/89695523,
https://www.linkedin.com/sales/company/10326421,
https://www.linkedin.com/sales/company/99537433,
https://www.linkedin.com/sales/company/105414281,
https://www.linkedin.com/sales/company/25554663,
https://www.linkedin.com/sales/company/103608135,
https://www.linkedin.com/sales/company/92697224,
https://www.linkedin.com/sales/company/65349054,
https://www.linkedin.com/sales/company/106073829,
https://www.linkedin.com/sales/company/73469155,
https://www.linkedin.com/sales/company/115996940,
https://www.linkedin.com/sales/company/3535978,
https://www.linkedin.com/sales/company/18675633,
https://www.linkedin.com/sales/company/80480105,
https://www.linkedin.com/sales/company/86619270,
https://www.linkedin.com/sales/company/90565033,
https://www.linkedin.com/sales/company/91474754,
https://www.linkedin.com/sales/company/101104017,
https://www.linkedin.com/sales/company/34882198,
https://www.linkedin.com/sales/company/76415699,
https://www.linkedin.com/sales/company/101921005,
https://www.linkedin.com/sales/company/98590057,
https://www.linkedin.com/sales/company/103841777,
https://www.linkedin.com/sales/company/102015668,
https://www.linkedin.com/sales/company/76168542,
https://www.linkedin.com/sales/company/36129629,
https://www.linkedin.com/sales/company/106206324,
https://www.linkedin.com/sales/company/105255571,
https://www.linkedin.com/sales/company/130014375,
https://www.linkedin.com/sales/company/18339291,
https://www.linkedin.com/sales/company/72468181,
https://www.linkedin.com/sales/company/86150969,
https://www.linkedin.com/sales/company/11281646,
https://www.linkedin.com/sales/company/101923647,
https://www.linkedin.com/sales/company/101844949,
https://www.linkedin.com/sales/company/80443234,
https://www.linkedin.com/sales/company/25353033,
https://www.linkedin.com/sales/company/104882729,
https://www.linkedin.com/sales/company/2887740,
https://www.linkedin.com/sales/company/25926075,
https://www.linkedin.com/sales/company/11193398,
https://www.linkedin.com/sales/company/84139316,
https://www.linkedin.com/sales/company/5048538,
https://www.linkedin.com/sales/company/26713031,
https://www.linkedin.com/sales/company/79913698,
https://www.linkedin.com/sales/company/103432376,
https://www.linkedin.com/sales/company/66964259,
https://www.linkedin.com/sales/company/77679117,
https://www.linkedin.com/sales/company/26001879,
https://www.linkedin.com/sales/company/77580738,
https://www.linkedin.com/sales/company/26103925,
https://www.linkedin.com/sales/company/49200979,
https://www.linkedin.com/sales/company/25621442,
https://www.linkedin.com/sales/company/14008263,
https://www.linkedin.com/sales/company/25755293,
https://www.linkedin.com/sales/company/25512686,
https://www.linkedin.com/sales/company/672501,
https://www.linkedin.com/sales/company/25259349,
https://www.linkedin.com/sales/company/25582714,
https://www.linkedin.com/sales/company/53101599,
https://www.linkedin.com/sales/company/93145719,
https://www.linkedin.com/sales/company/26967903,
https://www.linkedin.com/sales/company/10292091,
https://www.linkedin.com/sales/company/78669970,
https://www.linkedin.com/sales/company/26343033,
https://www.linkedin.com/sales/company/25696565,
https://www.linkedin.com/sales/company/98010855,
https://www.linkedin.com/sales/company/26284073,
https://www.linkedin.com/sales/company/26100543,
https://www.linkedin.com/sales/company/69233366,
https://www.linkedin.com/sales/company/25966170,
https://www.linkedin.com/sales/company/25878981,
https://www.linkedin.com/sales/company/75301558,
https://www.linkedin.com/sales/company/26454763,
https://www.linkedin.com/sales/company/25710098,
https://www.linkedin.com/sales/company/25559766,
https://www.linkedin.com/sales/company/80370947,
https://www.linkedin.com/sales/company/27014195,
https://www.linkedin.com/sales/company/75286583,
https://www.linkedin.com/sales/company/26746845,
https://www.linkedin.com/sales/company/25611870,
https://www.linkedin.com/sales/company/25387650,
https://www.linkedin.com/sales/company/93097015,
https://www.linkedin.com/sales/company/26711327,
https://www.linkedin.com/sales/company/14053526,
https://www.linkedin.com/sales/company/26768775,
https://www.linkedin.com/sales/company/25288155,
https://www.linkedin.com/sales/company/42460606,
https://www.linkedin.com/sales/company/25778590,
https://www.linkedin.com/sales/company/85132593,
https://www.linkedin.com/sales/company/78669494,
https://www.linkedin.com/sales/company/47208214,
https://www.linkedin.com/sales/company/26135755,
https://www.linkedin.com/sales/company/25988907,
https://www.linkedin.com/sales/company/25746699,
https://www.linkedin.com/sales/company/10173503,
https://www.linkedin.com/sales/company/93101258,
https://www.linkedin.com/sales/company/105733406,
https://www.linkedin.com/sales/company/71811206,
https://www.linkedin.com/sales/company/28660359,
https://www.linkedin.com/sales/company/35615048,
https://www.linkedin.com/sales/company/105105969,
https://www.linkedin.com/sales/company/91713945,
https://www.linkedin.com/sales/company/100582560,
https://www.linkedin.com/sales/company/86615662,
https://www.linkedin.com/sales/company/29293311,
https://www.linkedin.com/sales/company/82570676,
https://www.linkedin.com/sales/company/11572359,
https://www.linkedin.com/sales/company/72107794,
https://www.linkedin.com/sales/company/38170173,
https://www.linkedin.com/sales/company/77053513,
https://www.linkedin.com/sales/company/91107367,
https://www.linkedin.com/sales/company/18520933,
https://www.linkedin.com/sales/company/11835674,
https://www.linkedin.com/sales/company/108489155,
https://www.linkedin.com/sales/company/34579013,
https://www.linkedin.com/sales/company/106832729,
https://www.linkedin.com/sales/company/105501605,
https://www.linkedin.com/sales/company/103111374,
https://www.linkedin.com/sales/company/100456362,
https://www.linkedin.com/sales/company/10311003,
https://www.linkedin.com/sales/company/102582066,
https://www.linkedin.com/sales/company/104024205,
https://www.linkedin.com/sales/company/11787574,
https://www.linkedin.com/sales/company/104894550,
https://www.linkedin.com/sales/company/136084550,
https://www.linkedin.com/sales/company/14017009,
https://www.linkedin.com/sales/company/104905110,
https://www.linkedin.com/sales/company/100639549,
https://www.linkedin.com/sales/company/37031675,
https://www.linkedin.com/sales/company/110054053,
https://www.linkedin.com/sales/company/25420374,
https://www.linkedin.com/sales/company/43317338,
https://www.linkedin.com/sales/company/89630757,
https://www.linkedin.com/sales/company/34709398,
https://www.linkedin.com/sales/company/81721277,
https://www.linkedin.com/sales/company/66249211,
https://www.linkedin.com/sales/company/106855587,
https://www.linkedin.com/sales/company/90949624,
https://www.linkedin.com/sales/company/100298311,
https://www.linkedin.com/sales/company/122423900,
https://www.linkedin.com/sales/company/100457854,
https://www.linkedin.com/sales/company/26410911,
https://www.linkedin.com/sales/company/101130133,
https://www.linkedin.com/sales/company/77630362,
https://www.linkedin.com/sales/company/27020063,
https://www.linkedin.com/sales/company/71718927,
https://www.linkedin.com/sales/company/14025102,
https://www.linkedin.com/sales/company/91680611,
https://www.linkedin.com/sales/company/110472002,
https://www.linkedin.com/sales/company/74874959,
https://www.linkedin.com/sales/company/28666729,
https://www.linkedin.com/sales/company/18461934,
https://www.linkedin.com/sales/company/107703220,
https://www.linkedin.com/sales/company/109569369,
https://www.linkedin.com/sales/company/26379666,
https://www.linkedin.com/sales/company/71918098,
https://www.linkedin.com/sales/company/69100057,
https://www.linkedin.com/sales/company/66191802,
https://www.linkedin.com/sales/company/77030207,
https://www.linkedin.com/sales/company/100201890,
https://www.linkedin.com/sales/company/93816207,
https://www.linkedin.com/sales/company/3199922,
https://www.linkedin.com/sales/company/11033257,
https://www.linkedin.com/sales/company/26445585,
https://www.linkedin.com/sales/company/25820798,
https://www.linkedin.com/sales/company/71546582,
https://www.linkedin.com/sales/company/26138073,
https://www.linkedin.com/sales/company/18402213,
https://www.linkedin.com/sales/company/68529954,
https://www.linkedin.com/sales/company/26447866,
https://www.linkedin.com/sales/company/25675881,
https://www.linkedin.com/sales/company/70461555,
https://www.linkedin.com/sales/company/101082801,
https://www.linkedin.com/sales/company/13977822,
https://www.linkedin.com/sales/company/83776270,
https://www.linkedin.com/sales/company/26002990,
https://www.linkedin.com/sales/company/26246771,
https://www.linkedin.com/sales/company/65345934,
https://www.linkedin.com/sales/company/102138840,
https://www.linkedin.com/sales/company/26420078,
https://www.linkedin.com/sales/company/9305083,
https://www.linkedin.com/sales/company/69683889,
https://www.linkedin.com/sales/company/26859442,
https://www.linkedin.com/sales/company/26301139,
https://www.linkedin.com/sales/company/25527658,
https://www.linkedin.com/sales/company/109731365,
https://www.linkedin.com/sales/company/42896166,
https://www.linkedin.com/sales/company/75271801,
https://www.linkedin.com/sales/company/10832327,
https://www.linkedin.com/sales/company/99312256,
https://www.linkedin.com/sales/company/26778287,
https://www.linkedin.com/sales/company/25483658,
https://www.linkedin.com/sales/company/26059235,
https://www.linkedin.com/sales/company/26422529,
https://www.linkedin.com/sales/company/78885073,
https://www.linkedin.com/sales/company/108035989,
https://www.linkedin.com/sales/company/11026535,
https://www.linkedin.com/sales/company/75291355,
https://www.linkedin.com/sales/company/26395479,
https://www.linkedin.com/sales/company/25759758,
https://www.linkedin.com/sales/company/25274221,
https://www.linkedin.com/sales/company/26299039,
https://www.linkedin.com/sales/company/26054751,
https://www.linkedin.com/sales/company/75265682,
https://www.linkedin.com/sales/company/26274277,
https://www.linkedin.com/sales/company/25877586,
https://www.linkedin.com/sales/company/68811747,
https://www.linkedin.com/sales/company/84491248,
https://www.linkedin.com/sales/company/37553420,
https://www.linkedin.com/sales/company/134674182,
https://www.linkedin.com/sales/company/110113505,
https://www.linkedin.com/sales/company/75250214,
https://www.linkedin.com/sales/company/25992941,
https://www.linkedin.com/sales/company/25965107,
https://www.linkedin.com/sales/company/25806107,
https://www.linkedin.com/sales/company/103386340,
https://www.linkedin.com/sales/company/3189890,
https://www.linkedin.com/sales/company/106381002,
https://www.linkedin.com/sales/company/75363353,
https://www.linkedin.com/sales/company/51457315,
https://www.linkedin.com/sales/company/26429635,
https://www.linkedin.com/sales/company/26413038,
https://www.linkedin.com/sales/company/25480898,
https://www.linkedin.com/sales/company/25457943,
https://www.linkedin.com/sales/company/25297911,
https://www.linkedin.com/sales/company/107728431,
https://www.linkedin.com/sales/company/108304389,
https://www.linkedin.com/sales/company/103591520,
https://www.linkedin.com/sales/company/76470391,
https://www.linkedin.com/sales/company/84458626,
https://www.linkedin.com/sales/company/89184757,
https://www.linkedin.com/sales/company/76598090,
https://www.linkedin.com/sales/company/111052174,
https://www.linkedin.com/sales/company/89613281,
https://www.linkedin.com/sales/company/72028915,
https://www.linkedin.com/sales/company/26306065,
https://www.linkedin.com/sales/company/25881030,
https://www.linkedin.com/sales/company/26569718,
https://www.linkedin.com/sales/company/146124903,
https://www.linkedin.com/sales/company/77582562,
https://www.linkedin.com/sales/company/68845514,
https://www.linkedin.com/sales/company/75173517,
https://www.linkedin.com/sales/company/70435135,
https://www.linkedin.com/sales/company/27098597,
https://www.linkedin.com/sales/company/10936111,
https://www.linkedin.com/sales/company/47089155,
https://www.linkedin.com/sales/company/35678821,
https://www.linkedin.com/sales/company/5150805,
https://www.linkedin.com/sales/company/109247221,
https://www.linkedin.com/sales/company/10789383,
https://www.linkedin.com/sales/company/75323734,
https://www.linkedin.com/sales/company/26161951,
https://www.linkedin.com/sales/company/97021875,
https://www.linkedin.com/sales/company/26890963,
https://www.linkedin.com/sales/company/70963243,
https://www.linkedin.com/sales/company/100043333,
https://www.linkedin.com/sales/company/28541794,
https://www.linkedin.com/sales/company/96441223,
https://www.linkedin.com/sales/company/73239946,
https://www.linkedin.com/sales/company/26036982,
https://www.linkedin.com/sales/company/85133418,
https://www.linkedin.com/sales/company/26787147,
https://www.linkedin.com/sales/company/68545718,
https://www.linkedin.com/sales/company/26275207,
https://www.linkedin.com/sales/company/53534246,
https://www.linkedin.com/sales/company/75375299,
https://www.linkedin.com/sales/company/25883775,
https://www.linkedin.com/sales/company/25365666,
https://www.linkedin.com/sales/company/11008791,
https://www.linkedin.com/sales/company/12975167,
https://www.linkedin.com/sales/company/26790990,
https://www.linkedin.com/sales/company/12617955,
https://www.linkedin.com/sales/company/88905961,
https://www.linkedin.com/sales/company/37227765,
https://www.linkedin.com/sales/company/75273953,
https://www.linkedin.com/sales/company/26907783,
https://www.linkedin.com/sales/company/26770431,
https://www.linkedin.com/sales/company/26751457,
https://www.linkedin.com/sales/company/25528341,
https://www.linkedin.com/sales/company/44984277,
https://www.linkedin.com/sales/company/100593726,
https://www.linkedin.com/sales/company/111046305,
https://www.linkedin.com/sales/company/75364863,
https://www.linkedin.com/sales/company/18723222,
https://www.linkedin.com/sales/company/80158387,
https://www.linkedin.com/sales/company/75176955,
https://www.linkedin.com/sales/company/26884741,
https://www.linkedin.com/sales/company/25538593,
https://www.linkedin.com/sales/company/25443421,
https://www.linkedin.com/sales/company/18689023,
https://www.linkedin.com/sales/company/53255445,
https://www.linkedin.com/sales/company/94125981,
https://www.linkedin.com/sales/company/86122602,
https://www.linkedin.com/sales/company/2840902,
https://www.linkedin.com/sales/company/26078951,
https://www.linkedin.com/sales/company/89619762,
https://www.linkedin.com/sales/company/110144434,
https://www.linkedin.com/sales/company/77667252,
https://www.linkedin.com/sales/company/56403485,
https://www.linkedin.com/sales/company/34915013,
https://www.linkedin.com/sales/company/2261231,
https://www.linkedin.com/sales/company/72451634,
https://www.linkedin.com/sales/company/25349665,
https://www.linkedin.com/sales/company/19228600,
https://www.linkedin.com/sales/company/23742894,
https://www.linkedin.com/sales/company/10990143,
https://www.linkedin.com/sales/company/27177075,
https://www.linkedin.com/sales/company/77260640,
https://www.linkedin.com/sales/company/98220526,
https://www.linkedin.com/sales/company/20546397,
https://www.linkedin.com/sales/company/75329265,
https://www.linkedin.com/sales/company/26990843,
https://www.linkedin.com/sales/company/35597481,
https://www.linkedin.com/sales/company/77148697,
https://www.linkedin.com/sales/company/3278941,
https://www.linkedin.com/sales/company/66298746,
https://www.linkedin.com/sales/company/42349414,
https://www.linkedin.com/sales/company/22291622,
https://www.linkedin.com/sales/company/12669749,
https://www.linkedin.com/sales/company/70101703,
https://www.linkedin.com/sales/company/26435941,
https://www.linkedin.com/sales/company/47038651,
https://www.linkedin.com/sales/company/26973367,
https://www.linkedin.com/sales/company/15794562,
https://www.linkedin.com/sales/company/37236037,
https://www.linkedin.com/sales/company/107549903,
https://www.linkedin.com/sales/company/80434859,
https://www.linkedin.com/sales/company/1312343,
https://www.linkedin.com/sales/company/78646819,
https://www.linkedin.com/sales/company/26769019,
https://www.linkedin.com/sales/company/13051077,
https://www.linkedin.com/sales/company/12667942,
https://www.linkedin.com/sales/company/25948754,
https://www.linkedin.com/sales/company/25764281,
https://www.linkedin.com/sales/company/77683667,
https://www.linkedin.com/sales/company/10328147,
https://www.linkedin.com/sales/company/76084431,
https://www.linkedin.com/sales/company/10003987,
https://www.linkedin.com/sales/company/86204395,
https://www.linkedin.com/sales/company/72209334,
https://www.linkedin.com/sales/company/10622963,
https://www.linkedin.com/sales/company/75014993,
https://www.linkedin.com/sales/company/101761924,
https://www.linkedin.com/sales/company/12624309,
https://www.linkedin.com/sales/company/84899725,
https://www.linkedin.com/sales/company/78734902,
https://www.linkedin.com/sales/company/11093486,
https://www.linkedin.com/sales/company/99466625,
https://www.linkedin.com/sales/company/6392349,
https://www.linkedin.com/sales/company/54110503,
https://www.linkedin.com/sales/company/35535757,
https://www.linkedin.com/sales/company/69556129,
https://www.linkedin.com/sales/company/111968722,
https://www.linkedin.com/sales/company/105231029,
https://www.linkedin.com/sales/company/14792294,
https://www.linkedin.com/sales/company/99502890,
https://www.linkedin.com/sales/company/104893883,
https://www.linkedin.com/sales/company/79136505,
https://www.linkedin.com/sales/company/98364277,
https://www.linkedin.com/sales/company/14803643,
https://www.linkedin.com/sales/company/66224822,
https://www.linkedin.com/sales/company/3170374,
https://www.linkedin.com/sales/company/10114915,
https://www.linkedin.com/sales/company/34896505,
https://www.linkedin.com/sales/company/86265265,
https://www.linkedin.com/sales/company/71690629,
https://www.linkedin.com/sales/company/69225486,
https://www.linkedin.com/sales/company/37179213,
https://www.linkedin.com/sales/company/26359378,
https://www.linkedin.com/sales/company/86785807,
https://www.linkedin.com/sales/company/71994241,
https://www.linkedin.com/sales/company/26445001,
https://www.linkedin.com/sales/company/9176197,
https://www.linkedin.com/sales/company/82939606,
https://www.linkedin.com/sales/company/3028935,
https://www.linkedin.com/sales/company/69830306,
https://www.linkedin.com/sales/company/92959845,
https://www.linkedin.com/sales/company/72228573,
https://www.linkedin.com/sales/company/25595846,
https://www.linkedin.com/sales/company/5364892,
https://www.linkedin.com/sales/company/40653647,
https://www.linkedin.com/sales/company/72309089,
https://www.linkedin.com/sales/company/73481753,
https://www.linkedin.com/sales/company/43194366,
https://www.linkedin.com/sales/company/98030238,
https://www.linkedin.com/sales/company/10239953,
https://www.linkedin.com/sales/company/84879598,
https://www.linkedin.com/sales/company/29010857,
https://www.linkedin.com/sales/company/11783841,
https://www.linkedin.com/sales/company/92770819,
https://www.linkedin.com/sales/company/67328767,
https://www.linkedin.com/sales/company/18300717,
https://www.linkedin.com/sales/company/78671863,
https://www.linkedin.com/sales/company/98731995,
https://www.linkedin.com/sales/company/76551730,
https://www.linkedin.com/sales/company/82061279,
https://www.linkedin.com/sales/company/18682423,
https://www.linkedin.com/sales/company/2123959,
https://www.linkedin.com/sales/company/18948787,
https://www.linkedin.com/sales/company/35635295,
https://www.linkedin.com/sales/company/82116157,
https://www.linkedin.com/sales/company/94192533,
https://www.linkedin.com/sales/company/83147594,
https://www.linkedin.com/sales/company/80008795,
https://www.linkedin.com/sales/company/11703834,
https://www.linkedin.com/sales/company/65771454,
https://www.linkedin.com/sales/company/71908974,
https://www.linkedin.com/sales/company/14806002,
https://www.linkedin.com/sales/company/28812755,
https://www.linkedin.com/sales/company/2782190,
https://www.linkedin.com/sales/company/70445103,
https://www.linkedin.com/sales/company/80649761,
https://www.linkedin.com/sales/company/80521133,
https://www.linkedin.com/sales/company/25479702,
https://www.linkedin.com/sales/company/37840621,
https://www.linkedin.com/sales/company/26957656,
https://www.linkedin.com/sales/company/73806247,
https://www.linkedin.com/sales/company/68502273,
https://www.linkedin.com/sales/company/11674047,
https://www.linkedin.com/sales/company/89208869,
https://www.linkedin.com/sales/company/31405343,
https://www.linkedin.com/sales/company/74930434,
https://www.linkedin.com/sales/company/26912662,
https://www.linkedin.com/sales/company/108071392,
https://www.linkedin.com/sales/company/70922075,
https://www.linkedin.com/sales/company/81460594,
https://www.linkedin.com/sales/company/18712355,
https://www.linkedin.com/sales/company/69198081,
https://www.linkedin.com/sales/company/20085178,
https://www.linkedin.com/sales/company/104630861,
https://www.linkedin.com/sales/company/93283637,
https://www.linkedin.com/sales/company/30744858,
https://www.linkedin.com/sales/company/76089954,
https://www.linkedin.com/sales/company/74534039,
https://www.linkedin.com/sales/company/22165461,
https://www.linkedin.com/sales/company/104749413,
https://www.linkedin.com/sales/company/28791326,
https://www.linkedin.com/sales/company/75247759,
https://www.linkedin.com/sales/company/71545489,
https://www.linkedin.com/sales/company/19024157,
https://www.linkedin.com/sales/company/116062287,
https://www.linkedin.com/sales/company/102826500,
https://www.linkedin.com/sales/company/6823521,
https://www.linkedin.com/sales/company/24771526,
https://www.linkedin.com/sales/company/100180554,
https://www.linkedin.com/sales/company/34910518,
https://www.linkedin.com/sales/company/72706583,
https://www.linkedin.com/sales/company/18454199,
https://www.linkedin.com/sales/company/25293094,
https://www.linkedin.com/sales/company/80121030,
https://www.linkedin.com/sales/company/81333890,
https://www.linkedin.com/sales/company/28447331,
https://www.linkedin.com/sales/company/10976879,
https://www.linkedin.com/sales/company/18835541,
https://www.linkedin.com/sales/company/109560404,
https://www.linkedin.com/sales/company/45819019,
https://www.linkedin.com/sales/company/81435828,
https://www.linkedin.com/sales/company/10012545,
https://www.linkedin.com/sales/company/74030919,
https://www.linkedin.com/sales/company/10469403,
https://www.linkedin.com/sales/company/10420346,
https://www.linkedin.com/sales/company/28783978,
https://www.linkedin.com/sales/company/105488149,
https://www.linkedin.com/sales/company/10691481,
https://www.linkedin.com/sales/company/10532721,
https://www.linkedin.com/sales/company/83118959,
https://www.linkedin.com/sales/company/84143917,
https://www.linkedin.com/sales/company/26688134,
https://www.linkedin.com/sales/company/74476234,
https://www.linkedin.com/sales/company/84478078,
https://www.linkedin.com/sales/company/18604749,
https://www.linkedin.com/sales/company/5022863,
https://www.linkedin.com/sales/company/19065617,
https://www.linkedin.com/sales/company/25454228,
https://www.linkedin.com/sales/company/87238159,
https://www.linkedin.com/sales/company/34886042,
https://www.linkedin.com/sales/company/100254111,
https://www.linkedin.com/sales/company/9195094,
https://www.linkedin.com/sales/company/10936809,
https://www.linkedin.com/sales/company/77237706,
https://www.linkedin.com/sales/company/102599566,
https://www.linkedin.com/sales/company/104808834,
https://www.linkedin.com/sales/company/111591142,
https://www.linkedin.com/sales/company/130143956,
https://www.linkedin.com/sales/company/93077854,
https://www.linkedin.com/sales/company/47319169,
https://www.linkedin.com/sales/company/26344602,
https://www.linkedin.com/sales/company/25714167,
https://www.linkedin.com/sales/company/48555630,
https://www.linkedin.com/sales/company/48485751,
https://www.linkedin.com/sales/company/26700755,
https://www.linkedin.com/sales/company/25982414,
https://www.linkedin.com/sales/company/27243039,
https://www.linkedin.com/sales/company/26747587,
https://www.linkedin.com/sales/company/108274831,
https://www.linkedin.com/sales/company/74498706,
https://www.linkedin.com/sales/company/49976601,
https://www.linkedin.com/sales/company/34223722,
https://www.linkedin.com/sales/company/75298259,
https://www.linkedin.com/sales/company/111965219,
https://www.linkedin.com/sales/company/42934138,
https://www.linkedin.com/sales/company/25374031,
https://www.linkedin.com/sales/company/88947699,
https://www.linkedin.com/sales/company/37180335,
https://www.linkedin.com/sales/company/9999522,
https://www.linkedin.com/sales/company/96211875,
https://www.linkedin.com/sales/company/48986723,
https://www.linkedin.com/sales/company/48681041,
https://www.linkedin.com/sales/company/25672489,
https://www.linkedin.com/sales/company/74986805,
https://www.linkedin.com/sales/company/105261768,
https://www.linkedin.com/sales/company/10391525,
https://www.linkedin.com/sales/company/11077478,
https://www.linkedin.com/sales/company/18921618,
https://www.linkedin.com/sales/company/29022517,
https://www.linkedin.com/sales/company/10532583,
https://www.linkedin.com/sales/company/2310027,
https://www.linkedin.com/sales/company/87222593,
https://www.linkedin.com/sales/company/110112901,
https://www.linkedin.com/sales/company/102091045,
https://www.linkedin.com/sales/company/27145137,
https://www.linkedin.com/sales/company/46978079,
https://www.linkedin.com/sales/company/74118971,
https://www.linkedin.com/sales/company/10989035,
https://www.linkedin.com/sales/company/22304654,
https://www.linkedin.com/sales/company/101868579,
https://www.linkedin.com/sales/company/81431982,
https://www.linkedin.com/sales/company/18827373,
https://www.linkedin.com/sales/company/76545258,
https://www.linkedin.com/sales/company/106493578,
https://www.linkedin.com/sales/company/30733337,
https://www.linkedin.com/sales/company/71686946,
https://www.linkedin.com/sales/company/81686999,
https://www.linkedin.com/sales/company/103494311,
https://www.linkedin.com/sales/company/75055301,
https://www.linkedin.com/sales/company/100245037,
https://www.linkedin.com/sales/company/80697107,
https://www.linkedin.com/sales/company/109532211,
https://www.linkedin.com/sales/company/69237650,
https://www.linkedin.com/sales/company/96342704,
https://www.linkedin.com/sales/company/69438915,
https://www.linkedin.com/sales/company/89226272,
https://www.linkedin.com/sales/company/72052894,
https://www.linkedin.com/sales/company/111345754,
https://www.linkedin.com/sales/company/37551983,
https://www.linkedin.com/sales/company/71812629,
https://www.linkedin.com/sales/company/92461229,
https://www.linkedin.com/sales/company/51324823,
https://www.linkedin.com/sales/company/18281050,
https://www.linkedin.com/sales/company/71746805,
https://www.linkedin.com/sales/company/69748769,
https://www.linkedin.com/sales/company/106006541,
https://www.linkedin.com/sales/company/48511345,
https://www.linkedin.com/sales/company/89310729,
https://www.linkedin.com/sales/company/104263321,
https://www.linkedin.com/sales/company/108173923,
https://www.linkedin.com/sales/company/48788597,
https://www.linkedin.com/sales/company/70912114,
https://www.linkedin.com/sales/company/43228434,
https://www.linkedin.com/sales/company/46555923,
https://www.linkedin.com/sales/company/75224139,
https://www.linkedin.com/sales/company/109498029,
https://www.linkedin.com/sales/company/91131374,
https://www.linkedin.com/sales/company/25795686,
https://www.linkedin.com/sales/company/110425702,
https://www.linkedin.com/sales/company/78074235,
https://www.linkedin.com/sales/company/75249795,
https://www.linkedin.com/sales/company/3783557,
https://www.linkedin.com/sales/company/46956794,
https://www.linkedin.com/sales/company/7085010,
https://www.linkedin.com/sales/company/14022081,
https://www.linkedin.com/sales/company/68154254,
https://www.linkedin.com/sales/company/106536388,
https://www.linkedin.com/sales/company/80344243,
https://www.linkedin.com/sales/company/71998851,
https://www.linkedin.com/sales/company/96233659,
https://www.linkedin.com/sales/company/76678962,
https://www.linkedin.com/sales/company/42306637,
https://www.linkedin.com/sales/company/12605754,
https://www.linkedin.com/sales/company/42763175,
https://www.linkedin.com/sales/company/108314471,
https://www.linkedin.com/sales/company/7273737,
https://www.linkedin.com/sales/company/18735254,
https://www.linkedin.com/sales/company/75264201,
https://www.linkedin.com/sales/company/98697225,
https://www.linkedin.com/sales/company/75313283,
https://www.linkedin.com/sales/company/80948837,
https://www.linkedin.com/sales/company/35633167,
https://www.linkedin.com/sales/company/112874653,
https://www.linkedin.com/sales/company/101445558,
https://www.linkedin.com/sales/company/103092113,
https://www.linkedin.com/sales/company/26710138,
https://www.linkedin.com/sales/company/74395251,
https://www.linkedin.com/sales/company/9486914,
https://www.linkedin.com/sales/company/75239691,
https://www.linkedin.com/sales/company/49768463,
https://www.linkedin.com/sales/company/887529,
https://www.linkedin.com/sales/company/25745077,
https://www.linkedin.com/sales/company/3714082,
https://www.linkedin.com/sales/company/11124827,
https://www.linkedin.com/sales/company/11127609,
https://www.linkedin.com/sales/company/106417284,
https://www.linkedin.com/sales/company/30602705,
https://www.linkedin.com/sales/company/84407768,
