URL Entreprise;Nom Entreprise;Statut Traitement
https://www.linkedin.com/sales/company/105193308;105193308;Traite - Aucun profil trouve
https://www.linkedin.com/sales/company/70933969;70933969;Traite - Aucun profil trouve
https://www.linkedin.com/sales/company/103493939;103493939;Traite - Aucun profil trouve
https://www.linkedin.com/sales/company/19033494;19033494;Traite - Aucun profil trouve
https://www.linkedin.com/sales/company/74153902;74153902;Traite - Aucun profil trouve
https://www.linkedin.com/sales/company/10835220;10835220;Traite - Aucun profil trouve
https://www.linkedin.com/sales/company/18404858;18404858;Traite - Aucun profil trouve
https://www.linkedin.com/sales/company/94246481;94246481;Traite - Aucun profil trouve
https://www.linkedin.com/sales/company/10656885;10656885;Traite - Aucun profil trouve
https://www.linkedin.com/sales/company/19074243;19074243;Traite - Aucun profil trouve
https://www.linkedin.com/sales/company/72426451;72426451;Traite - Aucun profil trouve
https://www.linkedin.com/sales/company/5322426;5322426;Traite - Aucun profil trouve
https://www.linkedin.com/sales/company/100149043;100149043;Traite - Aucun profil trouve
https://www.linkedin.com/sales/company/42306499;42306499;Traite - Aucun profil trouve
https://www.linkedin.com/sales/company/76914161;76914161;Traite - Aucun profil trouve
https://www.linkedin.com/sales/company/1960795;1960795;Traite - Aucun profil trouve
https://www.linkedin.com/sales/company/44427407;44427407;Traite - Aucun profil trouve
https://www.linkedin.com/sales/company/10978471;10978471;Traite - Aucun profil trouve
https://www.linkedin.com/sales/company/69246403;69246403;Traite - Aucun profil trouve
https://www.linkedin.com/sales/company/13055143;13055143;Traite - Aucun profil trouve
